,Tool,Delta auROC value
0,Dimont,-0.03500000000000003
1,ChIPMunk,-0.03700000000000003
2,ProBound,-0.07099999999999995
3,MEME,-0.05600000000000005
4,Autoseed,-0.05400000000000005
5,Homer,-0.05800000000000005
6,STREME,-0.05700000000000005
7,DimontHTS,-0.038000000000000034
8,ExplaiNN,-0.06899999999999995
9,RCade,-0.23299999999999998
10,Best,-0.03500000000000003
11,Dimont,-0.17500000000000004
12,ChIPMunk,-0.16100000000000003
13,ProBound,-0.16000000000000003
14,MEME,-0.15900000000000003
15,Autoseed,-0.16500000000000004
16,Homer,-0.19199999999999995
17,STREME,-0.18200000000000005
18,DimontHTS,-0.239
19,ExplaiNN,-0.17400000000000004
20,RCade,-0.281
21,Best,-0.17500000000000004
22,Dimont,-0.02400000000000002
23,ChIPMunk,-0.03300000000000003
24,ProBound,-0.17200000000000004
25,MEME,-0.03200000000000003
26,Autoseed,-0.03200000000000003
27,Homer,-0.03400000000000003
28,STREME,-0.03700000000000003
29,DimontHTS,-0.051000000000000045
30,ExplaiNN,-0.03500000000000003
31,RCade,-0.04400000000000004
32,Best,-0.02400000000000002
33,Dimont,-0.04500000000000004
34,ChIPMunk,-0.07199999999999995
35,ProBound,-0.061999999999999944
36,MEME,-0.050000000000000044
37,Autoseed,-0.05800000000000005
38,Homer,-0.08799999999999997
39,STREME,-0.05700000000000005
40,DimontHTS,-0.04500000000000004
41,ExplaiNN,-0.09799999999999998
42,RCade,-0.20999999999999996
43,Best,-0.04500000000000004
44,Dimont,-0.07799999999999996
45,ChIPMunk,-0.09599999999999997
46,ProBound,-0.07999999999999996
47,MEME,-0.10799999999999998
48,Autoseed,-0.10699999999999998
49,Homer,-0.14900000000000002
50,STREME,-0.122
51,DimontHTS,-0.07799999999999996
52,ExplaiNN,-0.14100000000000001
53,RCade,-0.647
54,Best,-0.014000000000000012
55,Dimont,-0.07399999999999995
56,ChIPMunk,-0.08999999999999997
57,ProBound,-0.08799999999999997
58,MEME,-0.10799999999999998
59,Autoseed,-0.12
60,Homer,-0.16300000000000003
61,STREME,-0.127
62,DimontHTS,-0.07799999999999996
63,ExplaiNN,-0.137
64,RCade,-0.597
65,Best,-0.20299999999999996
66,Dimont,-0.014000000000000012
67,ChIPMunk,-0.02200000000000002
68,ProBound,-0.030000000000000027
69,MEME,-0.02200000000000002
70,Autoseed,-0.018000000000000016
71,Homer,-0.02300000000000002
72,STREME,-0.019000000000000017
73,DimontHTS,-0.05700000000000005
74,ExplaiNN,-0.061999999999999944
75,RCade,-0.10899999999999999
76,Best,-0.128
77,Dimont,-0.20299999999999996
78,ChIPMunk,-0.17500000000000004
79,ProBound,-0.22599999999999998
80,MEME,-0.18200000000000005
81,Autoseed,-0.28900000000000003
82,Homer,-0.264
83,STREME,-0.28600000000000003
84,DimontHTS,-0.245
85,ExplaiNN,-0.20299999999999996
86,RCade,-0.273
87,Best,-0.20999999999999996
88,Dimont,-0.16800000000000004
89,ChIPMunk,-0.14900000000000002
90,ProBound,-0.235
91,MEME,-0.15200000000000002
92,Autoseed,-0.30400000000000005
93,Homer,-0.30600000000000005
94,STREME,-0.32399999999999995
95,DimontHTS,-0.22999999999999998
96,ExplaiNN,-0.17900000000000005
97,RCade,-0.138
98,Best,-0.14800000000000002
99,Dimont,-0.128
100,ChIPMunk,-0.18200000000000005
101,ProBound,-0.131
102,MEME,-0.16600000000000004
103,Autoseed,-0.15100000000000002
104,Homer,-0.16000000000000003
105,STREME,-0.16000000000000003
106,DimontHTS,-0.33899999999999997
107,ExplaiNN,-0.21399999999999997
108,RCade,-0.251
109,Best,-0.387
110,Dimont,-0.20999999999999996
111,ChIPMunk,-0.28
112,ProBound,-0.265
113,MEME,-0.29300000000000004
114,Autoseed,-0.259
115,Homer,-0.31499999999999995
116,STREME,-0.267
117,DimontHTS,-0.239
118,ExplaiNN,-0.25
119,RCade,-0.28900000000000003
120,Best,-0.237
121,Dimont,-0.363
122,ChIPMunk,-0.398
123,ProBound,-0.41000000000000003
124,MEME,-0.404
125,Autoseed,-0.363
126,Homer,-0.44799999999999995
127,STREME,-0.389
128,DimontHTS,-0.365
129,ExplaiNN,-0.375
130,RCade,-0.07499999999999996
131,Best,-0.127
132,Dimont,-0.14800000000000002
133,ChIPMunk,-0.11599999999999999
134,ProBound,-0.30200000000000005
135,MEME,-0.131
136,Autoseed,-0.28700000000000003
137,Homer,-0.126
138,STREME,-0.28700000000000003
139,DimontHTS,-0.19899999999999995
140,ExplaiNN,-0.10599999999999998
141,RCade,-0.15400000000000003
142,Best,-0.251
143,Dimont,-0.12
144,ChIPMunk,-0.08799999999999997
145,ProBound,-0.272
146,MEME,-0.10399999999999998
147,Autoseed,-0.30900000000000005
148,Homer,-0.09199999999999997
149,STREME,-0.30800000000000005
150,DimontHTS,-0.16300000000000003
151,ExplaiNN,-0.05400000000000005
152,RCade,-0.16300000000000003
153,Best,-0.30600000000000005
154,Dimont,-0.387
155,ChIPMunk,-0.46399999999999997
156,ProBound,-0.16700000000000004
157,MEME,-0.46199999999999997
158,Autoseed,-0.42300000000000004
159,Homer,-0.513
160,STREME,-0.43300000000000005
161,DimontHTS,-0.388
162,ExplaiNN,-0.45199999999999996
163,RCade,-0.052000000000000046
164,Best,-0.21799999999999997
165,Dimont,-0.46099999999999997
166,ChIPMunk,-0.5640000000000001
167,ProBound,-0.18799999999999994
168,MEME,-0.577
169,Autoseed,-0.5329999999999999
170,Homer,-0.604
171,STREME,-0.534
172,DimontHTS,-0.45199999999999996
173,ExplaiNN,-0.542
174,RCade,-0.026000000000000023
175,Best,-0.122
176,Dimont,-0.237
177,ChIPMunk,-0.21399999999999997
178,ProBound,-0.23399999999999999
179,MEME,-0.22699999999999998
180,Autoseed,-0.25
181,Homer,-0.20499999999999996
182,STREME,-0.22699999999999998
183,DimontHTS,-0.20899999999999996
184,ExplaiNN,-0.19299999999999995
185,RCade,-0.248
186,Best,-0.471
187,Dimont,-0.015000000000000013
188,ChIPMunk,-0.01200000000000001
189,ProBound,-0.031000000000000028
190,MEME,-0.029000000000000026
191,Autoseed,-0.018000000000000016
192,Homer,-0.019000000000000017
193,STREME,-0.10299999999999998
194,DimontHTS,-0.03700000000000003
195,ExplaiNN,-0.08299999999999996
196,RCade,-0.19399999999999995
197,Best,-0.15400000000000003
198,Dimont,-0.127
199,ChIPMunk,-0.21899999999999997
200,ProBound,-0.266
201,MEME,-0.241
202,Autoseed,-0.19999999999999996
203,Homer,-0.29400000000000004
204,STREME,-0.15800000000000003
205,DimontHTS,-0.04600000000000004
206,ExplaiNN,-0.10399999999999998
207,RCade,-0.029000000000000026
208,Best,-0.07099999999999995
209,Dimont,-0.08499999999999996
210,ChIPMunk,-0.17000000000000004
211,ProBound,-0.248
212,MEME,-0.246
213,Autoseed,-0.16600000000000004
214,Homer,-0.271
215,STREME,-0.14500000000000002
216,DimontHTS,-0.027000000000000024
217,ExplaiNN,-0.09899999999999998
218,RCade,-0.245
219,Best,-0.09399999999999997
220,Dimont,-0.251
221,ChIPMunk,-0.21599999999999997
222,ProBound,-0.21599999999999997
223,MEME,-0.21699999999999997
224,Autoseed,-0.22099999999999997
225,Homer,-0.239
226,STREME,-0.21099999999999997
227,DimontHTS,-0.20199999999999996
228,ExplaiNN,-0.20299999999999996
229,RCade,-0.40800000000000003
230,Best,-0.12
231,Dimont,-0.30600000000000005
232,ChIPMunk,-0.363
233,ProBound,-0.348
234,MEME,-0.32499999999999996
235,Autoseed,-0.394
236,Homer,-0.347
237,STREME,-0.377
238,DimontHTS,-0.31099999999999994
239,ExplaiNN,-0.399
240,RCade,-0.30200000000000005
241,Best,-0.16900000000000004
242,Dimont,-0.039000000000000035
243,ChIPMunk,-0.02100000000000002
244,ProBound,-0.122
245,MEME,-0.02400000000000002
246,Autoseed,-0.019000000000000017
247,Homer,-0.052000000000000046
248,STREME,-0.09899999999999998
249,DimontHTS,-0.049000000000000044
250,ExplaiNN,-0.039000000000000035
251,Best,-0.09799999999999998
252,Dimont,-0.21799999999999997
253,ChIPMunk,-0.14300000000000002
254,ProBound,-0.236
255,MEME,-0.19099999999999995
256,Autoseed,-0.21299999999999997
257,Homer,-0.19299999999999995
258,STREME,-0.19899999999999995
259,DimontHTS,-0.20799999999999996
260,ExplaiNN,-0.17300000000000004
261,Best,-0.06399999999999995
262,Dimont,-0.122
263,ChIPMunk,-0.133
264,ProBound,-0.242
265,MEME,-0.28200000000000003
266,Autoseed,-0.07299999999999995
267,Homer,-0.16200000000000003
268,STREME,-0.21799999999999997
269,DimontHTS,-0.269
270,ExplaiNN,-0.18799999999999994
271,Best,-0.0010000000000000009
272,Dimont,-0.017000000000000015
273,ChIPMunk,-0.017000000000000015
274,ProBound,-0.040000000000000036
275,MEME,-0.08399999999999996
276,Autoseed,-0.030000000000000027
277,Homer,-0.06799999999999995
278,STREME,-0.027000000000000024
279,DimontHTS,-0.04800000000000004
280,ExplaiNN,-0.05700000000000005
281,Best,-0.04800000000000004
282,Dimont,-0.471
283,ChIPMunk,-0.5549999999999999
284,ProBound,-0.46399999999999997
285,MEME,-0.515
286,Autoseed,-0.5429999999999999
287,Homer,-0.45099999999999996
288,STREME,-0.5820000000000001
289,DimontHTS,-0.521
290,ExplaiNN,-0.53
291,Best,-0.19199999999999995
292,Dimont,-0.25
293,ChIPMunk,-0.23299999999999998
294,ProBound,-0.263
295,MEME,-0.23399999999999999
296,Autoseed,-0.23299999999999998
297,Homer,-0.25
298,STREME,-0.242
299,DimontHTS,-0.257
300,ExplaiNN,-0.265
301,Best,-0.027000000000000024
302,Dimont,-0.15400000000000003
303,ChIPMunk,-0.10199999999999998
304,ProBound,-0.387
305,MEME,-0.18000000000000005
306,Autoseed,-0.18100000000000005
307,Homer,-0.15100000000000002
308,STREME,-0.17200000000000004
309,DimontHTS,-0.21799999999999997
310,ExplaiNN,-0.17500000000000004
311,Best,-0.04600000000000004
312,Dimont,-0.404
313,ChIPMunk,-0.362
314,ProBound,-0.605
315,MEME,-0.369
316,Autoseed,-0.41500000000000004
317,Homer,-0.391
318,STREME,-0.40800000000000003
319,DimontHTS,-0.399
320,ExplaiNN,-0.45199999999999996
321,Best,-0.15400000000000003
322,Dimont,-0.07099999999999995
323,ChIPMunk,-0.02300000000000002
324,ProBound,-0.025000000000000022
325,MEME,-0.04800000000000004
326,Autoseed,-0.03400000000000003
327,Homer,-0.027000000000000024
328,STREME,-0.027000000000000024
329,DimontHTS,-0.013000000000000012
330,ExplaiNN,-0.025000000000000022
331,Best,-0.10399999999999998
332,Dimont,-0.06499999999999995
333,ChIPMunk,-0.030000000000000027
334,ProBound,-0.03300000000000003
335,MEME,-0.050000000000000044
336,Autoseed,-0.03700000000000003
337,Homer,-0.04200000000000004
338,STREME,-0.04300000000000004
339,DimontHTS,-0.02100000000000002
340,ExplaiNN,-0.03600000000000003
341,Best,-0.15400000000000003
342,Dimont,-0.09399999999999997
343,ChIPMunk,-0.126
344,ProBound,-0.45999999999999996
345,MEME,-0.521
346,Autoseed,-0.134
347,Homer,-0.17800000000000005
348,STREME,-0.11399999999999999
349,DimontHTS,-0.05700000000000005
350,ExplaiNN,-0.32999999999999996
351,Best,-0.598
352,Dimont,-0.12
353,ChIPMunk,-0.17000000000000004
354,ProBound,-0.15900000000000003
355,MEME,-0.22999999999999998
356,Autoseed,-0.17500000000000004
357,Homer,-0.23299999999999998
358,STREME,-0.18899999999999995
359,DimontHTS,-0.16300000000000003
360,ExplaiNN,-0.20299999999999996
361,Best,-0.358
362,Dimont,-0.15100000000000002
363,ChIPMunk,-0.19299999999999995
364,ProBound,-0.19499999999999995
365,MEME,-0.266
366,Autoseed,-0.17400000000000004
367,Homer,-0.279
368,STREME,-0.22899999999999998
369,DimontHTS,-0.20099999999999996
370,ExplaiNN,-0.25
371,Best,-0.013000000000000012
372,Dimont,-0.16900000000000004
373,ChIPMunk,-0.505
374,ProBound,-0.17600000000000005
375,MEME,-0.17300000000000004
376,Autoseed,-0.44499999999999995
377,Homer,-0.16700000000000004
378,STREME,-0.18000000000000005
379,DimontHTS,-0.16400000000000003
380,ExplaiNN,-0.136
381,Best,-0.0020000000000000018
382,Dimont,-0.46399999999999997
383,ChIPMunk,-0.10699999999999998
384,ProBound,-0.488
385,MEME,-0.42400000000000004
386,Autoseed,-0.10899999999999999
387,Homer,-0.404
388,STREME,-0.485
389,DimontHTS,-0.402
390,ExplaiNN,-0.38
391,Best,-0.11099999999999999
392,Dimont,-0.09799999999999998
393,ChIPMunk,-0.386
394,ProBound,-0.09499999999999997
395,MEME,-0.09699999999999998
396,Autoseed,-0.30900000000000005
397,Homer,-0.11699999999999999
398,STREME,-0.10999999999999999
399,DimontHTS,-0.09399999999999997
400,ExplaiNN,-0.11299999999999999
401,Best,-0.11499999999999999
402,Dimont,-0.31799999999999995
403,ChIPMunk,-0.14400000000000002
404,ProBound,-0.29400000000000004
405,MEME,-0.41700000000000004
406,Autoseed,-0.16500000000000004
407,Homer,-0.41700000000000004
408,STREME,-0.41600000000000004
409,DimontHTS,-0.30900000000000005
410,ExplaiNN,-0.354
411,Best,-0.06699999999999995
412,Dimont,-0.133
413,ChIPMunk,-0.31299999999999994
414,ProBound,-0.121
415,MEME,-0.15700000000000003
416,Autoseed,-0.20099999999999996
417,Homer,-0.135
418,STREME,-0.19499999999999995
419,DimontHTS,-0.128
420,ExplaiNN,-0.16800000000000004
421,Best,-0.20099999999999996
422,Dimont,-0.21999999999999997
423,ChIPMunk,-0.05800000000000005
424,ProBound,-0.17900000000000005
425,MEME,-0.33099999999999996
426,Autoseed,-0.052000000000000046
427,Homer,-0.367
428,STREME,-0.34199999999999997
429,DimontHTS,-0.20799999999999996
430,ExplaiNN,-0.266
431,Best,-0.15800000000000003
432,Dimont,-0.06399999999999995
433,ChIPMunk,-0.0010000000000000009
434,ProBound,-0.06599999999999995
435,MEME,-0.06499999999999995
436,Autoseed,-0.0010000000000000009
437,Homer,-0.06899999999999995
438,STREME,-0.05800000000000005
439,DimontHTS,-0.06499999999999995
440,ExplaiNN,-0.136
441,Best,-0.08799999999999997
442,Dimont,-0.0010000000000000009
443,ChIPMunk,-0.039000000000000035
444,ProBound,-0.0010000000000000009
445,MEME,-0.0010000000000000009
446,Autoseed,-0.19799999999999995
447,Homer,-0.0010000000000000009
448,STREME,-0.0010000000000000009
449,DimontHTS,-0.0010000000000000009
450,ExplaiNN,-0.0020000000000000018
451,Best,-0.030000000000000027
452,Dimont,-0.04800000000000004
453,ChIPMunk,-0.06899999999999995
454,ProBound,-0.123
455,MEME,-0.04700000000000004
456,Autoseed,-0.15500000000000003
457,Homer,-0.04200000000000004
458,STREME,-0.07799999999999996
459,DimontHTS,-0.08799999999999997
460,ExplaiNN,-0.16900000000000004
461,Best,-0.139
462,Dimont,-0.06599999999999995
463,ChIPMunk,-0.21599999999999997
464,ProBound,-0.17000000000000004
465,MEME,-0.08099999999999996
466,Autoseed,-0.246
467,Homer,-0.08299999999999996
468,STREME,-0.125
469,DimontHTS,-0.119
470,ExplaiNN,-0.121
471,Best,-0.05800000000000005
472,Dimont,-0.19199999999999995
473,ChIPMunk,-0.03200000000000003
474,ProBound,-0.19399999999999995
475,MEME,-0.269
476,Autoseed,-0.026000000000000023
477,Homer,-0.21299999999999997
478,STREME,-0.28500000000000003
479,DimontHTS,-0.261
480,ExplaiNN,-0.358
481,Best,-0.11199999999999999
482,Dimont,-0.027000000000000024
483,ChIPMunk,-0.04600000000000004
484,ProBound,-0.03700000000000003
485,MEME,-0.026000000000000023
486,Autoseed,-0.06099999999999994
487,Homer,-0.050000000000000044
488,STREME,-0.04400000000000004
489,DimontHTS,-0.04500000000000004
490,ExplaiNN,-0.050000000000000044
491,Best,-0.275
492,Dimont,-0.05900000000000005
493,ChIPMunk,-0.14900000000000002
494,ProBound,-0.06999999999999995
495,MEME,-0.061999999999999944
496,Autoseed,-0.19099999999999995
497,Homer,-0.05500000000000005
498,STREME,-0.10799999999999998
499,DimontHTS,-0.10099999999999998
500,ExplaiNN,-0.10899999999999999
501,Best,-0.268
502,Dimont,-0.04600000000000004
503,ChIPMunk,-0.129
504,ProBound,-0.04500000000000004
505,MEME,-0.030000000000000027
506,Autoseed,-0.09899999999999998
507,Homer,-0.052000000000000046
508,STREME,-0.132
509,DimontHTS,-0.03600000000000003
510,ExplaiNN,-0.121
511,Best,-0.21299999999999997
512,Dimont,-0.05300000000000005
513,ChIPMunk,-0.16100000000000003
514,ProBound,-0.016000000000000014
515,MEME,-0.01200000000000001
516,Autoseed,-0.16700000000000004
517,Homer,-0.06499999999999995
518,STREME,-0.22699999999999998
519,DimontHTS,-0.04300000000000004
520,ExplaiNN,-0.20199999999999996
521,Best,-0.134
522,Dimont,-0.15400000000000003
523,ChIPMunk,-0.581
524,ProBound,-0.21699999999999997
525,MEME,-0.15600000000000003
526,Autoseed,-0.571
527,Homer,-0.16100000000000003
528,STREME,-0.17900000000000005
529,DimontHTS,-0.20299999999999996
530,ExplaiNN,-0.258
531,Best,-0.11199999999999999
532,Dimont,-0.10399999999999998
533,ChIPMunk,-0.42400000000000004
534,ProBound,-0.07799999999999996
535,MEME,-0.09999999999999998
536,Autoseed,-0.43599999999999994
537,Homer,-0.09599999999999997
538,STREME,-0.235
539,DimontHTS,-0.07499999999999996
540,ExplaiNN,-0.10899999999999999
541,Best,-0.09599999999999997
542,Dimont,-0.15400000000000003
543,ChIPMunk,-0.20799999999999996
544,ProBound,-0.15400000000000003
545,MEME,-0.603
546,Autoseed,-0.271
547,Homer,-0.565
548,STREME,-0.516
549,DimontHTS,-0.14200000000000002
550,ExplaiNN,-0.16500000000000004
551,Best,-0.43300000000000005
552,Dimont,-0.598
553,ChIPMunk,-0.02400000000000002
554,ProBound,-0.6579999999999999
555,MEME,-0.42400000000000004
556,Autoseed,-0.020000000000000018
557,Homer,-0.28
558,STREME,-0.396
559,DimontHTS,-0.628
560,ExplaiNN,-0.621
561,Best,-0.386
562,Dimont,-0.358
563,ChIPMunk,-0.0020000000000000018
564,ProBound,-0.4
565,MEME,-0.17300000000000004
566,Autoseed,-0.0010000000000000009
567,Homer,-0.23099999999999998
568,STREME,-0.19199999999999995
569,DimontHTS,-0.254
570,ExplaiNN,-0.43599999999999994
571,Best,-0.269
572,Dimont,-0.23199999999999998
573,ChIPMunk,-0.08899999999999997
574,ProBound,-0.127
575,MEME,-0.02100000000000002
576,Autoseed,-0.10799999999999998
577,Homer,-0.02300000000000002
578,STREME,-0.030000000000000027
579,DimontHTS,-0.275
580,ExplaiNN,-0.18200000000000005
581,Best,-0.32999999999999996
582,Dimont,-0.013000000000000012
583,ChIPMunk,-0.11599999999999999
584,ProBound,-0.02100000000000002
585,MEME,-0.006000000000000005
586,Autoseed,-0.11599999999999999
587,Homer,-0.0030000000000000027
588,STREME,-0.0020000000000000018
589,DimontHTS,-0.013000000000000012
590,ExplaiNN,-0.08399999999999996
591,Best,-0.138
592,Dimont,-0.0020000000000000018
593,ChIPMunk,-0.07499999999999996
594,ProBound,-0.0040000000000000036
595,MEME,-0.10399999999999998
596,Autoseed,-0.11699999999999999
597,Homer,-0.10399999999999998
598,STREME,-0.10499999999999998
599,DimontHTS,-0.0050000000000000044
600,ExplaiNN,-0.01100000000000001
601,Best,-0.251
602,Dimont,-0.11099999999999999
603,ChIPMunk,-0.126
604,ProBound,-0.09199999999999997
605,MEME,-0.12
606,Autoseed,-0.06799999999999995
607,Homer,-0.118
608,STREME,-0.119
609,DimontHTS,-0.22499999999999998
610,ExplaiNN,-0.11599999999999999
611,Best,-0.07299999999999995
612,Dimont,-0.11499999999999999
613,ChIPMunk,-0.357
614,ProBound,-0.118
615,MEME,-0.11599999999999999
616,Autoseed,-0.33899999999999997
617,Homer,-0.11099999999999999
618,STREME,-0.11399999999999999
619,DimontHTS,-0.10799999999999998
620,ExplaiNN,-0.129
621,Best,-0.10199999999999998
622,Dimont,-0.11499999999999999
623,ChIPMunk,-0.09599999999999997
624,ProBound,-0.11599999999999999
625,MEME,-0.06899999999999995
626,Autoseed,-0.34099999999999997
627,Homer,-0.13
628,STREME,-0.09399999999999997
629,DimontHTS,-0.119
630,ExplaiNN,-0.119
631,Best,-0.20499999999999996
632,Dimont,-0.06699999999999995
633,ChIPMunk,-0.07199999999999995
634,ProBound,-0.06699999999999995
635,MEME,-0.33499999999999996
636,Autoseed,-0.06000000000000005
637,Homer,-0.31699999999999995
638,STREME,-0.377
639,DimontHTS,-0.06699999999999995
640,ExplaiNN,-0.134
641,Best,-0.34099999999999997
642,Dimont,-0.20099999999999996
643,ChIPMunk,-0.06099999999999994
644,ProBound,-0.18400000000000005
645,MEME,-0.262
646,Autoseed,-0.04500000000000004
647,Homer,-0.136
648,STREME,-0.18500000000000005
649,DimontHTS,-0.33999999999999997
650,ExplaiNN,-0.486
651,Best,-0.02200000000000002
652,Dimont,-0.15800000000000003
653,ChIPMunk,-0.11699999999999999
654,ProBound,-0.15700000000000003
655,MEME,-0.10899999999999999
656,Autoseed,-0.031000000000000028
657,Homer,-0.07599999999999996
658,STREME,-0.07399999999999995
659,DimontHTS,-0.266
660,ExplaiNN,-0.30200000000000005
661,Best,-0.08699999999999997
662,Dimont,-0.08799999999999997
663,ChIPMunk,-0.15700000000000003
664,ProBound,-0.09699999999999998
665,MEME,-0.08699999999999997
666,Autoseed,-0.061999999999999944
667,Homer,-0.06000000000000005
668,STREME,-0.09099999999999997
669,DimontHTS,-0.06399999999999995
670,ExplaiNN,-0.06799999999999995
671,Best,-0.14900000000000002
672,Dimont,-0.07299999999999995
673,ChIPMunk,-0.05400000000000005
674,ProBound,-0.08399999999999996
675,MEME,-0.09699999999999998
676,Autoseed,-0.19499999999999995
677,Homer,-0.134
678,STREME,-0.04200000000000004
679,DimontHTS,-0.040000000000000036
680,ExplaiNN,-0.04300000000000004
681,Best,-0.15700000000000003
682,Dimont,-0.030000000000000027
683,ChIPMunk,-0.20599999999999996
684,ProBound,-0.02200000000000002
685,MEME,-0.10099999999999998
686,Autoseed,-0.08999999999999997
687,Homer,-0.16600000000000004
688,STREME,-0.08399999999999996
689,DimontHTS,-0.02300000000000002
690,ExplaiNN,-0.04700000000000004
691,Best,-0.08199999999999996
692,Dimont,-0.05400000000000005
693,ChIPMunk,-0.262
694,ProBound,-0.04500000000000004
695,MEME,-0.44799999999999995
696,Autoseed,-0.10999999999999999
697,Homer,-0.37
698,STREME,-0.41900000000000004
699,DimontHTS,-0.04300000000000004
700,ExplaiNN,-0.07499999999999996
701,Best,-0.134
702,Dimont,-0.139
703,ChIPMunk,-0.15300000000000002
704,ProBound,-0.19899999999999995
705,MEME,-0.15200000000000002
706,Autoseed,-0.31599999999999995
707,Homer,-0.401
708,STREME,-0.645
709,DimontHTS,-0.17500000000000004
710,ExplaiNN,-0.126
711,Best,-0.23399999999999999
712,Dimont,-0.05800000000000005
713,ChIPMunk,-0.48
714,ProBound,-0.06000000000000005
715,MEME,-0.19599999999999995
716,Autoseed,-0.128
717,Homer,-0.14600000000000002
718,STREME,-0.11299999999999999
719,DimontHTS,-0.08199999999999996
720,ExplaiNN,-0.06099999999999994
721,Best,-0.013000000000000012
722,Dimont,-0.11199999999999999
723,ChIPMunk,-0.27
724,ProBound,-0.135
725,MEME,-0.235
726,Autoseed,-0.277
727,Homer,-0.253
728,STREME,-0.245
729,DimontHTS,-0.08599999999999997
730,ExplaiNN,-0.15300000000000002
731,Best,-0.14100000000000001
732,Dimont,-0.275
733,ChIPMunk,-0.139
734,ProBound,-0.126
735,MEME,-0.128
736,Autoseed,-0.276
737,Homer,-0.128
738,STREME,-0.139
739,DimontHTS,-0.259
740,ExplaiNN,-0.354
741,Best,-0.16200000000000003
742,Dimont,-0.10499999999999998
743,ChIPMunk,-0.136
744,ProBound,-0.09699999999999998
745,MEME,-0.28200000000000003
746,Autoseed,-0.20299999999999996
747,Homer,-0.28700000000000003
748,STREME,-0.28800000000000003
749,DimontHTS,-0.10999999999999999
750,ExplaiNN,-0.245
751,Best,-0.04800000000000004
752,Dimont,-0.268
753,ChIPMunk,-0.134
754,ProBound,-0.20899999999999996
755,MEME,-0.262
756,Autoseed,-0.08499999999999996
757,Homer,-0.275
758,STREME,-0.30100000000000005
759,DimontHTS,-0.251
760,ExplaiNN,-0.31000000000000005
761,Best,-0.038000000000000034
762,Dimont,-0.21299999999999997
763,ChIPMunk,-0.049000000000000044
764,ProBound,-0.22599999999999998
765,MEME,-0.17200000000000004
766,Autoseed,-0.09799999999999998
767,Homer,-0.131
768,STREME,-0.17500000000000004
769,DimontHTS,-0.21299999999999997
770,ExplaiNN,-0.369
771,Best,-0.07999999999999996
772,Dimont,-0.134
773,ChIPMunk,-0.345
774,ProBound,-0.131
775,MEME,-0.10799999999999998
776,Autoseed,-0.04300000000000004
777,Homer,-0.14900000000000002
778,STREME,-0.11299999999999999
779,DimontHTS,-0.19699999999999995
780,ExplaiNN,-0.14500000000000002
781,Best,-0.14500000000000002
782,Dimont,-0.11199999999999999
783,ChIPMunk,-0.20499999999999996
784,ProBound,-0.09899999999999998
785,MEME,-0.14400000000000002
786,Autoseed,-0.369
787,Homer,-0.133
788,STREME,-0.121
789,DimontHTS,-0.10399999999999998
790,ExplaiNN,-0.11699999999999999
791,Best,-0.09999999999999998
792,Dimont,-0.08399999999999996
793,ChIPMunk,-0.30400000000000005
794,ProBound,-0.06999999999999995
795,MEME,-0.07999999999999996
796,Autoseed,-0.269
797,Homer,-0.14
798,STREME,-0.5489999999999999
799,DimontHTS,-0.06499999999999995
800,ExplaiNN,-0.122
801,Best,-0.29600000000000004
802,Dimont,-0.09599999999999997
803,ChIPMunk,-0.06399999999999995
804,ProBound,-0.04700000000000004
805,MEME,-0.497
806,Autoseed,-0.33999999999999997
807,Homer,-0.5589999999999999
808,STREME,-0.571
809,DimontHTS,-0.04500000000000004
810,ExplaiNN,-0.06699999999999995
811,Best,-0.0050000000000000044
812,Dimont,-0.43300000000000005
813,ChIPMunk,-0.236
814,ProBound,-0.30100000000000005
815,MEME,-0.30600000000000005
816,Autoseed,-0.07299999999999995
817,Homer,-0.392
818,STREME,-0.383
819,DimontHTS,-0.357
820,ExplaiNN,-0.519
821,Best,-0.10499999999999998
822,Dimont,-0.18100000000000005
823,ChIPMunk,-0.364
824,ProBound,-0.133
825,MEME,-0.5329999999999999
826,Autoseed,-0.21399999999999997
827,Homer,-0.629
828,STREME,-0.608
829,DimontHTS,-0.19299999999999995
830,ExplaiNN,-0.35
831,Best,-0.18000000000000005
832,Dimont,-0.479
833,ChIPMunk,-0.09199999999999997
834,ProBound,-0.28
835,MEME,-0.08899999999999997
836,Autoseed,-0.28400000000000003
837,Homer,-0.40800000000000003
838,STREME,-0.45799999999999996
839,DimontHTS,-0.37
840,ExplaiNN,-0.532
841,Best,-0.16000000000000003
842,Dimont,-0.386
843,ChIPMunk,-0.10199999999999998
844,ProBound,-0.10099999999999998
845,MEME,-0.42800000000000005
846,Autoseed,-0.08899999999999997
847,Homer,-0.33099999999999996
848,STREME,-0.44399999999999995
849,DimontHTS,-0.124
850,ExplaiNN,-0.42200000000000004
851,Best,-0.20499999999999996
852,Dimont,-0.269
853,ChIPMunk,-0.15100000000000002
854,ProBound,-0.23299999999999998
855,MEME,-0.37
856,Autoseed,-0.16100000000000003
857,Homer,-0.344
858,STREME,-0.43100000000000005
859,DimontHTS,-0.26
860,ExplaiNN,-0.31000000000000005
861,Best,-0.09699999999999998
862,Dimont,-0.32999999999999996
863,ChIPMunk,-0.31499999999999995
864,ProBound,-0.32199999999999995
865,MEME,-0.11599999999999999
866,Autoseed,-0.14300000000000002
867,Homer,-0.11099999999999999
868,STREME,-0.15500000000000003
869,DimontHTS,-0.348
870,ExplaiNN,-0.396
871,Best,-0.027000000000000024
872,Dimont,-0.07299999999999995
873,ChIPMunk,-0.19699999999999995
874,ProBound,-0.07899999999999996
875,MEME,-0.16200000000000003
876,Autoseed,-0.31000000000000005
877,Homer,-0.128
878,STREME,-0.129
879,DimontHTS,-0.08799999999999997
880,ExplaiNN,-0.10299999999999998
881,Best,-0.359
882,Dimont,-0.138
883,ChIPMunk,-0.019000000000000017
884,ProBound,-0.11299999999999999
885,MEME,-0.31499999999999995
886,Autoseed,-0.237
887,Homer,-0.29200000000000004
888,STREME,-0.31000000000000005
889,DimontHTS,-0.18599999999999994
890,ExplaiNN,-0.20699999999999996
891,Best,-0.665
892,Dimont,-0.251
893,ChIPMunk,-0.08699999999999997
894,ProBound,-0.17100000000000004
895,MEME,-0.16000000000000003
896,Autoseed,-0.05800000000000005
897,Homer,-0.25
898,STREME,-0.237
899,DimontHTS,-0.16900000000000004
900,ExplaiNN,-0.19199999999999995
901,Best,-0.376
902,Dimont,-0.471
903,ChIPMunk,-0.20299999999999996
904,ProBound,-0.52
905,MEME,-0.10499999999999998
906,Autoseed,-0.08699999999999997
907,Homer,-0.09299999999999997
908,STREME,-0.09999999999999998
909,DimontHTS,-0.43200000000000005
910,ExplaiNN,-0.41700000000000004
911,Best,-0.04300000000000004
912,Dimont,-0.10599999999999998
913,ChIPMunk,-0.026000000000000023
914,ProBound,-0.22099999999999997
915,MEME,-0.252
916,Autoseed,-0.18100000000000005
917,Homer,-0.22499999999999998
918,STREME,-0.20799999999999996
919,DimontHTS,-0.131
920,ExplaiNN,-0.484
921,Best,-0.11399999999999999
922,Dimont,-0.07299999999999995
923,ChIPMunk,-0.06499999999999995
924,ProBound,-0.04400000000000004
925,MEME,-0.06499999999999995
926,Autoseed,-0.026000000000000023
927,Homer,-0.025000000000000022
928,STREME,-0.03600000000000003
929,DimontHTS,-0.008000000000000007
930,ExplaiNN,-0.05700000000000005
931,Best,-0.06499999999999995
932,Dimont,-0.10199999999999998
933,ChIPMunk,-0.33699999999999997
934,ProBound,-0.10799999999999998
935,MEME,-0.126
936,Autoseed,-0.05500000000000005
937,Homer,-0.07699999999999996
938,STREME,-0.08399999999999996
939,DimontHTS,-0.08799999999999997
940,ExplaiNN,-0.12
941,Best,-0.263
942,Dimont,-0.20499999999999996
943,ChIPMunk,-0.009000000000000008
944,ProBound,-0.17100000000000004
945,MEME,-0.33899999999999997
946,Autoseed,-0.35
947,Homer,-0.345
948,STREME,-0.32899999999999996
949,DimontHTS,-0.15600000000000003
950,ExplaiNN,-0.21399999999999997
951,Best,-0.20899999999999996
952,Dimont,-0.03200000000000003
953,ChIPMunk,-0.16200000000000003
954,ProBound,-0.03200000000000003
955,MEME,-0.009000000000000008
956,Autoseed,-0.006000000000000005
957,Homer,-0.009000000000000008
958,STREME,-0.009000000000000008
959,DimontHTS,-0.03200000000000003
960,ExplaiNN,-0.06399999999999995
961,Best,-0.15900000000000003
962,Dimont,-0.07199999999999995
963,ChIPMunk,-0.20599999999999996
964,ProBound,-0.06899999999999995
965,MEME,-0.129
966,Autoseed,-0.278
967,Homer,-0.14800000000000002
968,STREME,-0.14600000000000002
969,DimontHTS,-0.05900000000000005
970,ExplaiNN,-0.10099999999999998
971,Best,-0.22099999999999997
972,Dimont,-0.34099999999999997
973,ChIPMunk,-0.246
974,ProBound,-0.22099999999999997
975,MEME,-0.20099999999999996
976,Autoseed,-0.16200000000000003
977,Homer,-0.16000000000000003
978,STREME,-0.22399999999999998
979,DimontHTS,-0.14100000000000001
980,ExplaiNN,-0.371
981,Best,-0.03700000000000003
982,Dimont,-0.02200000000000002
983,ChIPMunk,-0.511
984,ProBound,-0.05400000000000005
985,MEME,-0.20699999999999996
986,Autoseed,-0.17800000000000005
987,Homer,-0.18599999999999994
988,STREME,-0.17700000000000005
989,DimontHTS,-0.039000000000000035
990,ExplaiNN,-0.02100000000000002
991,Best,-0.038000000000000034
992,Dimont,-0.08699999999999997
993,ChIPMunk,-0.508
994,ProBound,-0.10199999999999998
995,MEME,-0.485
996,Autoseed,-0.46299999999999997
997,Homer,-0.471
998,STREME,-0.499
999,DimontHTS,-0.09799999999999998
1000,ExplaiNN,-0.14300000000000002
1001,Best,-0.42500000000000004
1002,Dimont,-0.14900000000000002
1003,ChIPMunk,-0.07799999999999996
1004,ProBound,-0.134
1005,MEME,-0.53
1006,Autoseed,-0.499
1007,Homer,-0.5
1008,STREME,-0.5309999999999999
1009,DimontHTS,-0.16600000000000004
1010,ExplaiNN,-0.19099999999999995
1011,Best,-0.17100000000000004
1012,Dimont,-0.15700000000000003
1013,ChIPMunk,-0.06899999999999995
1014,ProBound,-0.22099999999999997
1015,MEME,-0.132
1016,Autoseed,-0.06000000000000005
1017,Homer,-0.20499999999999996
1018,STREME,-0.19399999999999995
1019,DimontHTS,-0.275
1020,ExplaiNN,-0.268
1021,Best,-0.10199999999999998
1022,Dimont,-0.471
1023,ChIPMunk,-0.03200000000000003
1024,ProBound,-0.494
1025,MEME,-0.09099999999999997
1026,Autoseed,-0.051000000000000045
1027,Homer,-0.15300000000000002
1028,STREME,-0.19199999999999995
1029,DimontHTS,-0.4
1030,ExplaiNN,-0.46599999999999997
1031,Best,-0.18200000000000005
1032,Dimont,-0.497
1033,ChIPMunk,-0.14700000000000002
1034,ProBound,-0.528
1035,MEME,-0.09299999999999997
1036,Autoseed,-0.027000000000000024
1037,Homer,-0.21499999999999997
1038,STREME,-0.14800000000000002
1039,DimontHTS,-0.41400000000000003
1040,ExplaiNN,-0.53
1041,Best,-0.08099999999999996
1042,Dimont,-0.08199999999999996
1043,ChIPMunk,-0.10499999999999998
1044,ProBound,-0.08199999999999996
1045,MEME,-0.131
1046,Autoseed,-0.123
1047,Homer,-0.14600000000000002
1048,STREME,-0.18400000000000005
1049,DimontHTS,-0.07899999999999996
1050,ExplaiNN,-0.11399999999999999
1051,Best,-0.32599999999999996
1052,Dimont,-0.08499999999999996
1053,ChIPMunk,-0.09599999999999997
1054,ProBound,-0.06099999999999994
1055,MEME,-0.08699999999999997
1056,Autoseed,-0.09199999999999997
1057,Homer,-0.09599999999999997
1058,STREME,-0.16200000000000003
1059,DimontHTS,-0.05600000000000005
1060,ExplaiNN,-0.128
1061,Best,-0.06299999999999994
1062,Dimont,-0.06899999999999995
1063,ChIPMunk,-0.15100000000000002
1064,ProBound,-0.05600000000000005
1065,MEME,-0.07199999999999995
1066,Autoseed,-0.07899999999999996
1067,Homer,-0.09399999999999997
1068,STREME,-0.14500000000000002
1069,DimontHTS,-0.03400000000000003
1070,ExplaiNN,-0.07999999999999996
1071,Best,-0.03600000000000003
1072,Dimont,-0.134
1073,ChIPMunk,-0.23199999999999998
1074,ProBound,-0.119
1075,MEME,-0.133
1076,Autoseed,-0.132
1077,Homer,-0.139
1078,STREME,-0.22499999999999998
1079,DimontHTS,-0.122
1080,ExplaiNN,-0.14700000000000002
1081,Best,-0.04400000000000004
1082,Dimont,-0.07699999999999996
1083,ChIPMunk,-0.237
1084,ProBound,-0.07299999999999995
1085,MEME,-0.21399999999999997
1086,Autoseed,-0.20499999999999996
1087,Homer,-0.22699999999999998
1088,STREME,-0.28700000000000003
1089,DimontHTS,-0.07899999999999996
1090,ExplaiNN,-0.09599999999999997
1091,Best,-0.16300000000000003
1092,Dimont,-0.07699999999999996
1093,ChIPMunk,-0.20299999999999996
1094,ProBound,-0.07199999999999995
1095,MEME,-0.22099999999999997
1096,Autoseed,-0.22599999999999998
1097,Homer,-0.249
1098,STREME,-0.238
1099,DimontHTS,-0.07199999999999995
1100,ExplaiNN,-0.07699999999999996
1101,Best,-0.30100000000000005
1102,Dimont,-0.10699999999999998
1103,ChIPMunk,-0.01100000000000001
1104,ProBound,-0.09899999999999998
1105,MEME,-0.19299999999999995
1106,Autoseed,-0.19999999999999996
1107,Homer,-0.21799999999999997
1108,STREME,-0.20499999999999996
1109,DimontHTS,-0.11499999999999999
1110,ExplaiNN,-0.131
1111,Best,-0.09899999999999998
1112,Dimont,-0.21299999999999997
1113,ChIPMunk,-0.237
1114,ProBound,-0.18100000000000005
1115,MEME,-0.007000000000000006
1116,Autoseed,-0.008000000000000007
1117,Homer,-0.008000000000000007
1118,STREME,-0.006000000000000005
1119,DimontHTS,-0.19499999999999995
1120,ExplaiNN,-0.22199999999999998
1121,Best,-0.22799999999999998
1122,Dimont,-0.23399999999999999
1123,ChIPMunk,-0.20399999999999996
1124,ProBound,-0.241
1125,MEME,-0.21099999999999997
1126,Autoseed,-0.19799999999999995
1127,Homer,-0.20199999999999996
1128,STREME,-0.22799999999999998
1129,DimontHTS,-0.243
1130,ExplaiNN,-0.246
1131,Best,-0.15800000000000003
1132,Dimont,-0.20599999999999996
1133,ChIPMunk,-0.040000000000000036
1134,ProBound,-0.269
1135,MEME,-0.19299999999999995
1136,Autoseed,-0.18899999999999995
1137,Homer,-0.19999999999999996
1138,STREME,-0.18599999999999994
1139,DimontHTS,-0.28300000000000003
1140,ExplaiNN,-0.25
1141,Best,-0.07399999999999995
1142,Dimont,-0.013000000000000012
1143,ChIPMunk,-0.016000000000000014
1144,ProBound,-0.006000000000000005
1145,MEME,-0.04600000000000004
1146,Autoseed,-0.04200000000000004
1147,Homer,-0.238
1148,STREME,-0.04700000000000004
1149,DimontHTS,-0.008000000000000007
1150,ExplaiNN,-0.008000000000000007
1151,Best,-0.08999999999999997
1152,Dimont,-0.14100000000000001
1153,ChIPMunk,-0.05800000000000005
1154,ProBound,-0.15700000000000003
1155,MEME,-0.019000000000000017
1156,Autoseed,-0.015000000000000013
1157,Homer,-0.21999999999999997
1158,STREME,-0.02100000000000002
1159,DimontHTS,-0.16400000000000003
1160,ExplaiNN,-0.275
1161,Best,-0.19599999999999995
1162,Dimont,-0.16200000000000003
1163,ChIPMunk,-0.07399999999999995
1164,ProBound,-0.22199999999999998
1165,MEME,-0.06000000000000005
1166,Autoseed,-0.05800000000000005
1167,Homer,-0.049000000000000044
1168,STREME,-0.05400000000000005
1169,DimontHTS,-0.20399999999999996
1170,ExplaiNN,-0.235
1171,Best,-0.06899999999999995
1172,Dimont,-0.04800000000000004
1173,ChIPMunk,-0.04700000000000004
1174,ProBound,-0.07599999999999996
1175,MEME,-0.06899999999999995
1176,Autoseed,-0.07099999999999995
1177,Homer,-0.08099999999999996
1178,STREME,-0.07499999999999996
1179,DimontHTS,-0.05300000000000005
1180,ExplaiNN,-0.041000000000000036
1181,Best,-0.029000000000000026
1182,Dimont,-0.018000000000000016
1183,ChIPMunk,-0.051000000000000045
1184,ProBound,-0.04300000000000004
1185,MEME,-0.06000000000000005
1186,Autoseed,-0.04200000000000004
1187,Homer,-0.06999999999999995
1188,STREME,-0.04700000000000004
1189,DimontHTS,-0.03700000000000003
1190,ExplaiNN,-0.008000000000000007
1191,Best,-0.137
1192,Dimont,-0.038000000000000034
1193,ChIPMunk,-0.20499999999999996
1194,ProBound,-0.04600000000000004
1195,MEME,-0.04600000000000004
1196,Autoseed,-0.04800000000000004
1197,Homer,-0.05600000000000005
1198,STREME,-0.05300000000000005
1199,DimontHTS,-0.039000000000000035
1200,ExplaiNN,-0.06000000000000005
1201,Best,-0.09499999999999997
1202,Dimont,-0.07999999999999996
1203,ChIPMunk,-0.45299999999999996
1204,ProBound,-0.06799999999999995
1205,MEME,-0.23399999999999999
1206,Autoseed,-0.12
1207,Homer,-0.251
1208,STREME,-0.17800000000000005
1209,DimontHTS,-0.08099999999999996
1210,ExplaiNN,-0.08899999999999997
1211,Best,-0.08899999999999997
1212,Dimont,-0.05500000000000005
1213,ChIPMunk,-0.09699999999999998
1214,ProBound,-0.06399999999999995
1215,MEME,-0.45799999999999996
1216,Autoseed,-0.349
1217,Homer,-0.487
1218,STREME,-0.44999999999999996
1219,DimontHTS,-0.052000000000000046
1220,ExplaiNN,-0.07799999999999996
1221,Best,-0.128
1222,Dimont,-0.05600000000000005
1223,ChIPMunk,-0.28700000000000003
1224,ProBound,-0.050000000000000044
1225,MEME,-0.09199999999999997
1226,Autoseed,-0.09199999999999997
1227,Homer,-0.09799999999999998
1228,STREME,-0.10799999999999998
1229,DimontHTS,-0.06000000000000005
1230,ExplaiNN,-0.07399999999999995
1231,Best,-0.23299999999999998
1232,Dimont,-0.14500000000000002
1233,ChIPMunk,-0.22099999999999997
1234,ProBound,-0.14400000000000002
1235,MEME,-0.31799999999999995
1236,Autoseed,-0.31699999999999995
1237,Homer,-0.25
1238,STREME,-0.27
1239,DimontHTS,-0.261
1240,ExplaiNN,-0.44799999999999995
1241,Best,-0.15800000000000003
1242,Dimont,-0.40700000000000003
1243,ChIPMunk,-0.0040000000000000036
1244,ProBound,-0.236
1245,MEME,-0.22599999999999998
1246,Autoseed,-0.21499999999999997
1247,Homer,-0.20399999999999996
1248,STREME,-0.21399999999999997
1249,DimontHTS,-0.31999999999999995
1250,ExplaiNN,-0.367
1251,Best,-0.10299999999999998
1252,Dimont,-0.09999999999999998
1253,ChIPMunk,-0.252
1254,ProBound,-0.10399999999999998
1255,MEME,-0.006000000000000005
1256,Autoseed,-0.009000000000000008
1257,Homer,-0.007000000000000006
1258,STREME,-0.006000000000000005
1259,DimontHTS,-0.08999999999999997
1260,ExplaiNN,-0.123
1261,Best,-0.29500000000000004
1262,Dimont,-0.29600000000000004
1263,ChIPMunk,-0.09999999999999998
1264,ProBound,-0.501
1265,MEME,-0.386
1266,Autoseed,-0.17000000000000004
1267,Homer,-0.262
1268,STREME,-0.22399999999999998
1269,DimontHTS,-0.405
1270,ExplaiNN,-0.43400000000000005
1271,Best,-0.20399999999999996
1272,Dimont,-0.24
1273,ChIPMunk,-0.02200000000000002
1274,ProBound,-0.34299999999999997
1275,MEME,-0.10999999999999999
1276,Autoseed,-0.11199999999999999
1277,Homer,-0.131
1278,STREME,-0.10899999999999999
1279,DimontHTS,-0.272
1280,ExplaiNN,-0.23299999999999998
1281,Best,-0.31499999999999995
1282,Dimont,-0.0050000000000000044
1283,ChIPMunk,-0.19199999999999995
1284,ProBound,-0.007000000000000006
1285,MEME,-0.031000000000000028
1286,Autoseed,-0.028000000000000025
1287,Homer,-0.05700000000000005
1288,STREME,-0.031000000000000028
1289,DimontHTS,-0.0050000000000000044
1290,ExplaiNN,-0.009000000000000008
1291,Best,-0.040000000000000036
1292,Dimont,-0.10499999999999998
1293,ChIPMunk,-0.32999999999999996
1294,ProBound,-0.31000000000000005
1295,MEME,-0.20299999999999996
1296,Autoseed,-0.19199999999999995
1297,Homer,-0.21799999999999997
1298,STREME,-0.18999999999999995
1299,DimontHTS,-0.374
1300,ExplaiNN,-0.382
1301,Best,-0.11199999999999999
1302,Dimont,-0.028000000000000025
1303,ChIPMunk,-0.20699999999999996
1304,ProBound,-0.10999999999999999
1305,MEME,-0.37
1306,Autoseed,-0.366
1307,Homer,-0.346
1308,STREME,-0.33999999999999997
1309,DimontHTS,-0.20199999999999996
1310,ExplaiNN,-0.23399999999999999
1311,Best,-0.30300000000000005
1312,Dimont,-0.18000000000000005
1313,ChIPMunk,-0.10899999999999999
1314,ProBound,-0.03200000000000003
1315,MEME,-0.20599999999999996
1316,Autoseed,-0.21699999999999997
1317,Homer,-0.253
1318,STREME,-0.22099999999999997
1319,DimontHTS,-0.124
1320,ExplaiNN,-0.16200000000000003
1321,Best,-0.377
1322,Dimont,-0.246
1323,ChIPMunk,-0.19599999999999995
1324,ProBound,-0.21499999999999997
1325,MEME,-0.09399999999999997
1326,Autoseed,-0.10599999999999998
1327,Homer,-0.10499999999999998
1328,STREME,-0.10899999999999999
1329,DimontHTS,-0.361
1330,ExplaiNN,-0.43400000000000005
1331,Best,-0.03600000000000003
1332,Dimont,-0.251
1333,ChIPMunk,-0.07199999999999995
1334,ProBound,-0.349
1335,MEME,-0.20699999999999996
1336,Autoseed,-0.18100000000000005
1337,Homer,-0.19499999999999995
1338,STREME,-0.18799999999999994
1339,DimontHTS,-0.17200000000000004
1340,ExplaiNN,-0.31099999999999994
1341,Best,-0.07999999999999996
1342,Dimont,-0.16000000000000003
1343,ChIPMunk,-0.03500000000000003
1344,ProBound,-0.263
1345,MEME,-0.08299999999999996
1346,Autoseed,-0.06399999999999995
1347,Homer,-0.08299999999999996
1348,STREME,-0.07199999999999995
1349,DimontHTS,-0.359
1350,ExplaiNN,-0.382
1351,Best,-0.09199999999999997
1352,Dimont,-0.20499999999999996
1353,ChIPMunk,-0.028000000000000025
1354,ProBound,-0.24
1355,MEME,-0.04500000000000004
1356,Autoseed,-0.031000000000000028
1357,Homer,-0.04700000000000004
1358,STREME,-0.04400000000000004
1359,DimontHTS,-0.133
1360,ExplaiNN,-0.131
1361,Best,-0.249
1362,Dimont,-0.09699999999999998
1363,ChIPMunk,-0.359
1364,ProBound,-0.235
1365,MEME,-0.029000000000000026
1366,Autoseed,-0.03500000000000003
1367,Homer,-0.027000000000000024
1368,STREME,-0.03200000000000003
1369,DimontHTS,-0.21499999999999997
1370,ExplaiNN,-0.352
1371,Best,-0.397
1372,Dimont,-0.052000000000000046
1373,ChIPMunk,-0.471
1374,ProBound,-0.11099999999999999
1375,MEME,-0.383
1376,Autoseed,-0.23299999999999998
1377,Homer,-0.30100000000000005
1378,STREME,-0.40700000000000003
1379,DimontHTS,-0.061999999999999944
1380,ExplaiNN,-0.08899999999999997
1381,Best,-0.252
1382,Dimont,-0.027000000000000024
1383,ChIPMunk,-0.5309999999999999
1384,ProBound,-0.08699999999999997
1385,MEME,-0.357
1386,Autoseed,-0.35
1387,Homer,-0.368
1388,STREME,-0.394
1389,DimontHTS,-0.06000000000000005
1390,ExplaiNN,-0.09299999999999997
1391,Best,-0.06899999999999995
1392,Dimont,-0.359
1393,ChIPMunk,-0.05600000000000005
1394,ProBound,-0.03500000000000003
1395,MEME,-0.516
1396,Autoseed,-0.55
1397,Homer,-0.696
1398,STREME,-0.361
1399,DimontHTS,-0.03300000000000003
1400,ExplaiNN,-0.04500000000000004
1401,Dimont,-0.379
1402,ChIPMunk,-0.264
1403,ProBound,-0.363
1404,MEME,-0.08999999999999997
1405,Autoseed,-0.09699999999999998
1406,Homer,-0.32499999999999996
1407,STREME,-0.34099999999999997
1408,DimontHTS,-0.357
1409,ExplaiNN,-0.252
1410,Dimont,-0.665
1411,ChIPMunk,-0.050000000000000044
1412,ProBound,-0.378
1413,MEME,-0.258
1414,Autoseed,-0.22499999999999998
1415,Homer,-0.31699999999999995
1416,STREME,-0.05800000000000005
1417,DimontHTS,-0.376
1418,ExplaiNN,-0.31799999999999995
1419,Dimont,-0.264
1420,ChIPMunk,-0.07599999999999996
1421,ProBound,-0.573
1422,MEME,-0.04600000000000004
1423,Autoseed,-0.03400000000000003
1424,Homer,-0.121
1425,STREME,-0.07399999999999995
1426,DimontHTS,-0.649
1427,ExplaiNN,-0.606
1428,Dimont,-0.376
1429,ChIPMunk,-0.132
1430,ProBound,-0.20599999999999996
1431,MEME,-0.07699999999999996
1432,Autoseed,-0.09299999999999997
1433,Homer,-0.04500000000000004
1434,STREME,-0.18899999999999995
1435,DimontHTS,-0.354
1436,ExplaiNN,-0.16000000000000003
1437,Dimont,-0.04300000000000004
1438,ChIPMunk,-0.18000000000000005
1439,ProBound,-0.504
1440,MEME,-0.118
1441,Autoseed,-0.17700000000000005
1442,Homer,-0.133
1443,STREME,-0.237
1444,DimontHTS,-0.378
1445,ExplaiNN,-0.44399999999999995
1446,Dimont,-0.11399999999999999
1447,ChIPMunk,-0.244
1448,ProBound,-0.08999999999999997
1449,MEME,-0.17600000000000005
1450,Autoseed,-0.22299999999999998
1451,Homer,-0.18799999999999994
1452,STREME,-0.271
1453,DimontHTS,-0.19499999999999995
1454,ExplaiNN,-0.10799999999999998
1455,Dimont,-0.06499999999999995
1456,ChIPMunk,-0.368
1457,ProBound,-0.33499999999999996
1458,MEME,-0.24
1459,Autoseed,-0.256
1460,Homer,-0.257
1461,STREME,-0.607
1462,DimontHTS,-0.04800000000000004
1463,ExplaiNN,-0.09399999999999997
1464,Dimont,-0.135
1465,ChIPMunk,-0.06899999999999995
1466,ProBound,-0.07799999999999996
1467,MEME,-0.23299999999999998
1468,Autoseed,-0.528
1469,Homer,-0.356
1470,STREME,-0.08399999999999996
1471,DimontHTS,-0.06499999999999995
1472,ExplaiNN,-0.08699999999999997
1473,Dimont,-0.263
1474,ChIPMunk,-0.12
1475,ProBound,-0.132
1476,MEME,-0.06899999999999995
1477,Autoseed,-0.09099999999999997
1478,Homer,-0.07499999999999996
1479,STREME,-0.139
1480,DimontHTS,-0.129
1481,ExplaiNN,-0.15300000000000002
1482,Dimont,-0.20899999999999996
1483,ChIPMunk,-0.135
1484,ProBound,-0.255
1485,MEME,-0.15100000000000002
1486,Autoseed,-0.10499999999999998
1487,Homer,-0.122
1488,STREME,-0.13
1489,DimontHTS,-0.249
1490,ExplaiNN,-0.30600000000000005
1491,Dimont,-0.15900000000000003
1492,ChIPMunk,-0.352
1493,ProBound,-0.21499999999999997
1494,MEME,-0.13
1495,Autoseed,-0.278
1496,Homer,-0.118
1497,STREME,-0.37
1498,DimontHTS,-0.241
1499,ExplaiNN,-0.5409999999999999
1500,Dimont,-0.15900000000000003
1501,ChIPMunk,-0.5740000000000001
1502,ProBound,-0.07099999999999995
1503,MEME,-0.32599999999999996
1504,Autoseed,-0.43799999999999994
1505,Homer,-0.45799999999999996
1506,STREME,-0.601
1507,DimontHTS,-0.08399999999999996
1508,ExplaiNN,-0.16700000000000004
1509,Dimont,-0.22099999999999997
1510,ChIPMunk,-0.03500000000000003
1511,ProBound,-0.128
1512,MEME,-0.565
1513,Autoseed,-0.03700000000000003
1514,Homer,-0.542
1515,STREME,-0.041000000000000036
1516,DimontHTS,-0.133
1517,ExplaiNN,-0.13
1518,Dimont,-0.34299999999999997
1519,ChIPMunk,-0.04400000000000004
1520,ProBound,-0.15400000000000003
1521,MEME,-0.03400000000000003
1522,Autoseed,-0.04700000000000004
1523,Homer,-0.03700000000000003
1524,STREME,-0.04200000000000004
1525,DimontHTS,-0.14900000000000002
1526,ExplaiNN,-0.371
1527,Dimont,-0.03700000000000003
1528,ChIPMunk,-0.04600000000000004
1529,ProBound,-0.41100000000000003
1530,MEME,-0.04700000000000004
1531,Autoseed,-0.038000000000000034
1532,Homer,-0.04400000000000004
1533,STREME,-0.06999999999999995
1534,DimontHTS,-0.23099999999999998
1535,ExplaiNN,-0.592
1536,Dimont,-0.041000000000000036
1537,ChIPMunk,-0.395
1538,ProBound,-0.5609999999999999
1539,MEME,-0.040000000000000036
1540,Autoseed,-0.18599999999999994
1541,Homer,-0.05600000000000005
1542,STREME,-0.31499999999999995
1543,DimontHTS,-0.44799999999999995
1544,ExplaiNN,-0.133
1545,Dimont,-0.038000000000000034
1546,ChIPMunk,-0.14500000000000002
1547,ProBound,-0.05600000000000005
1548,MEME,-0.382
1549,Autoseed,-0.11199999999999999
1550,Homer,-0.22499999999999998
1551,STREME,-0.17200000000000004
1552,DimontHTS,-0.10799999999999998
1553,ExplaiNN,-0.129
1554,Dimont,-0.42500000000000004
1555,ChIPMunk,-0.04400000000000004
1556,ProBound,-0.05700000000000005
1557,MEME,-0.137
1558,Autoseed,-0.049000000000000044
1559,Homer,-0.17800000000000005
1560,STREME,-0.06399999999999995
1561,DimontHTS,-0.10399999999999998
1562,ExplaiNN,-0.11499999999999999
1563,Dimont,-0.17100000000000004
1564,ChIPMunk,-0.593
1565,ProBound,-0.04300000000000004
1566,MEME,-0.06299999999999994
1567,Autoseed,-0.41800000000000004
1568,Homer,-0.09099999999999997
1569,STREME,-0.648
1570,DimontHTS,-0.06799999999999995
1571,ExplaiNN,-0.41100000000000003
1572,Dimont,-0.051000000000000045
1573,ChIPMunk,-0.17800000000000005
1574,ProBound,-0.387
1575,MEME,-0.628
1576,Autoseed,-0.11699999999999999
1577,Homer,-0.667
1578,STREME,-0.11499999999999999
1579,DimontHTS,-0.43200000000000005
1580,ExplaiNN,-0.22699999999999998
1581,Dimont,-0.10199999999999998
1582,ChIPMunk,-0.17200000000000004
1583,ProBound,-0.19399999999999995
1584,MEME,-0.119
1585,Autoseed,-0.20799999999999996
1586,Homer,-0.122
1587,STREME,-0.19699999999999995
1588,DimontHTS,-0.19399999999999995
1589,ExplaiNN,-0.07099999999999995
1590,Dimont,-0.18200000000000005
1591,ChIPMunk,-0.11099999999999999
1592,ProBound,-0.08399999999999996
1593,MEME,-0.17700000000000005
1594,Autoseed,-0.16900000000000004
1595,Homer,-0.17200000000000004
1596,STREME,-0.15200000000000002
1597,DimontHTS,-0.06099999999999994
1598,ExplaiNN,-0.648
1599,Dimont,-0.14300000000000002
1600,ChIPMunk,-0.08699999999999997
1601,ProBound,-0.687
1602,MEME,-0.14400000000000002
1603,Autoseed,-0.11599999999999999
1604,Homer,-0.124
1605,STREME,-0.10799999999999998
1606,DimontHTS,-0.688
1607,ExplaiNN,-0.15100000000000002
1608,Dimont,-0.08099999999999996
1609,ChIPMunk,-0.28700000000000003
1610,ProBound,-0.10899999999999999
1611,MEME,-0.08699999999999997
1612,Autoseed,-0.30100000000000005
1613,Homer,-0.124
1614,STREME,-0.28300000000000003
1615,DimontHTS,-0.132
1616,ExplaiNN,-0.19199999999999995
1617,Dimont,-0.31099999999999994
1618,ChIPMunk,-0.04300000000000004
1619,ProBound,-0.18000000000000005
1620,MEME,-0.32599999999999996
1621,Autoseed,-0.121
1622,Homer,-0.29300000000000004
1623,STREME,-0.06799999999999995
1624,DimontHTS,-0.18899999999999995
1625,ExplaiNN,-0.131
1626,Dimont,-0.06499999999999995
1627,ChIPMunk,-0.33699999999999997
1628,ProBound,-0.15000000000000002
1629,MEME,-0.03700000000000003
1630,Autoseed,-0.32299999999999995
1631,Homer,-0.124
1632,STREME,-0.06799999999999995
1633,DimontHTS,-0.14
1634,ExplaiNN,-0.132
1635,Dimont,-0.32599999999999996
1636,ChIPMunk,-0.05400000000000005
1637,ProBound,-0.133
1638,MEME,-0.05800000000000005
1639,Autoseed,-0.051000000000000045
1640,Homer,-0.061999999999999944
1641,STREME,-0.10199999999999998
1642,DimontHTS,-0.09699999999999998
1643,ExplaiNN,-0.30700000000000005
1644,Dimont,-0.06299999999999994
1645,ChIPMunk,-0.06399999999999995
1646,ProBound,-0.32799999999999996
1647,MEME,-0.07899999999999996
1648,Autoseed,-0.07399999999999995
1649,Homer,-0.061999999999999944
1650,STREME,-0.391
1651,DimontHTS,-0.32799999999999996
1652,ExplaiNN,-0.09999999999999998
1653,Dimont,-0.06899999999999995
1654,ChIPMunk,-0.051000000000000045
1655,ProBound,-0.16400000000000003
1656,MEME,-0.23199999999999998
1657,Autoseed,-0.052000000000000046
1658,Homer,-0.498
1659,STREME,-0.30700000000000005
1660,DimontHTS,-0.08599999999999997
1661,ExplaiNN,-0.43799999999999994
1662,Dimont,-0.03600000000000003
1663,ChIPMunk,-0.050000000000000044
1664,ProBound,-0.32299999999999995
1665,MEME,-0.29000000000000004
1666,Autoseed,-0.04700000000000004
1667,Homer,-0.31399999999999995
1668,STREME,-0.28900000000000003
1669,DimontHTS,-0.378
1670,ExplaiNN,-0.07099999999999995
1671,Dimont,-0.04400000000000004
1672,ChIPMunk,-0.22999999999999998
1673,ProBound,-0.10199999999999998
1674,MEME,-0.273
1675,Autoseed,-0.21899999999999997
1676,Homer,-0.257
1677,STREME,-0.29000000000000004
1678,DimontHTS,-0.09199999999999997
1679,ExplaiNN,-0.07799999999999996
1680,Dimont,-0.16300000000000003
1681,ChIPMunk,-0.29900000000000004
1682,ProBound,-0.09899999999999998
1683,MEME,-0.16000000000000003
1684,Autoseed,-0.30000000000000004
1685,Homer,-0.399
1686,STREME,-0.07199999999999995
1687,DimontHTS,-0.08299999999999996
1688,ExplaiNN,-0.052000000000000046
1689,Dimont,-0.31499999999999995
1690,ChIPMunk,-0.281
1691,ProBound,-0.038000000000000034
1692,MEME,-0.06899999999999995
1693,Autoseed,-0.28800000000000003
1694,Homer,-0.34199999999999997
1695,STREME,-0.40900000000000003
1696,DimontHTS,-0.040000000000000036
1697,ExplaiNN,-0.06299999999999994
1698,Dimont,-0.29400000000000004
1699,ChIPMunk,-0.16300000000000003
1700,ProBound,-0.04500000000000004
1701,MEME,-0.31399999999999995
1702,Autoseed,-0.14800000000000002
1703,Homer,-0.31299999999999994
1704,STREME,-0.08099999999999996
1705,DimontHTS,-0.038000000000000034
1706,ExplaiNN,-0.29400000000000004
1707,Dimont,-0.07699999999999996
1708,ChIPMunk,-0.12
1709,ProBound,-0.28800000000000003
1710,MEME,-0.050000000000000044
1711,Autoseed,-0.369
1712,Homer,-0.08199999999999996
1713,STREME,-0.10699999999999998
1714,DimontHTS,-0.15400000000000003
1715,ExplaiNN,-0.33599999999999997
1716,Dimont,-0.30100000000000005
1717,ChIPMunk,-0.29400000000000004
1718,ProBound,-0.29700000000000004
1719,MEME,-0.09199999999999997
1720,Autoseed,-0.43400000000000005
1721,Homer,-0.10099999999999998
1722,STREME,-0.15800000000000003
1723,DimontHTS,-0.384
1724,ExplaiNN,-0.31399999999999995
1725,Dimont,-0.274
1726,ChIPMunk,-0.04200000000000004
1727,ProBound,-0.28400000000000003
1728,MEME,-0.14300000000000002
1729,Autoseed,-0.07999999999999996
1730,Homer,-0.14600000000000002
1731,STREME,-0.07599999999999996
1732,DimontHTS,-0.368
1733,ExplaiNN,-0.16900000000000004
1734,Dimont,-0.09899999999999998
1735,ChIPMunk,-0.08099999999999996
1736,ProBound,-0.139
1737,MEME,-0.07299999999999995
1738,Autoseed,-0.09099999999999997
1739,Homer,-0.06099999999999994
1740,STREME,-0.15100000000000002
1741,DimontHTS,-0.050000000000000044
1742,ExplaiNN,-0.514
1743,Dimont,-0.22799999999999998
1744,ChIPMunk,-0.14500000000000002
1745,ProBound,-0.577
1746,MEME,-0.15700000000000003
1747,Autoseed,-0.16500000000000004
1748,Homer,-0.14400000000000002
1749,STREME,-0.128
1750,DimontHTS,-0.45999999999999996
1751,ExplaiNN,-0.41300000000000003
1752,Dimont,-0.15800000000000003
1753,ChIPMunk,-0.06599999999999995
1754,ProBound,-0.388
1755,MEME,-0.10799999999999998
1756,Autoseed,-0.06599999999999995
1757,Homer,-0.11199999999999999
1758,STREME,-0.18699999999999994
1759,DimontHTS,-0.609
1760,ExplaiNN,-0.124
1761,Dimont,-0.07399999999999995
1762,ChIPMunk,-0.128
1763,ProBound,-0.06899999999999995
1764,MEME,-0.19299999999999995
1765,Autoseed,-0.136
1766,Homer,-0.19299999999999995
1767,STREME,-0.44699999999999995
1768,DimontHTS,-0.15700000000000003
1769,ExplaiNN,-0.08899999999999997
1770,Dimont,-0.14200000000000002
1771,ChIPMunk,-0.10299999999999998
1772,ProBound,-0.15900000000000003
1773,MEME,-0.43899999999999995
1774,Autoseed,-0.133
1775,Homer,-0.42900000000000005
1776,STREME,-0.5329999999999999
1777,DimontHTS,-0.08099999999999996
1778,ExplaiNN,-0.16900000000000004
1779,Dimont,-0.08999999999999997
1780,ChIPMunk,-0.19199999999999995
1781,ProBound,-0.09499999999999997
1782,MEME,-0.554
1783,Autoseed,-0.19699999999999995
1784,Homer,-0.546
1785,STREME,-0.06499999999999995
1786,DimontHTS,-0.15000000000000002
1787,ExplaiNN,-0.10099999999999998
1788,Dimont,-0.19599999999999995
1789,ChIPMunk,-0.42700000000000005
1790,ProBound,-0.19599999999999995
1791,MEME,-0.09299999999999997
1792,Autoseed,-0.41600000000000004
1793,Homer,-0.08899999999999997
1794,STREME,-0.052000000000000046
1795,DimontHTS,-0.07899999999999996
1796,ExplaiNN,-0.20999999999999996
1797,Dimont,-0.46499999999999997
1798,ChIPMunk,-0.548
1799,ProBound,-0.08599999999999997
1800,MEME,-0.07699999999999996
1801,Autoseed,-0.517
1802,Homer,-0.08399999999999996
1803,STREME,-0.027000000000000024
1804,DimontHTS,-0.18599999999999994
1805,ExplaiNN,-0.15300000000000002
1806,Dimont,-0.55
1807,ChIPMunk,-0.05700000000000005
1808,ProBound,-0.18899999999999995
1809,MEME,-0.02300000000000002
1810,Autoseed,-0.10299999999999998
1811,Homer,-0.03300000000000003
1812,STREME,-0.137
1813,DimontHTS,-0.43500000000000005
1814,ExplaiNN,-0.247
1815,Dimont,-0.06899999999999995
1816,ChIPMunk,-0.04600000000000004
1817,ProBound,-0.42700000000000005
1818,MEME,-0.129
1819,Autoseed,-0.08399999999999996
1820,Homer,-0.14200000000000002
1821,STREME,-0.134
1822,DimontHTS,-0.5369999999999999
1823,ExplaiNN,-0.48
1824,Dimont,-0.04600000000000004
1825,ChIPMunk,-0.02200000000000002
1826,ProBound,-0.483
1827,MEME,-0.09999999999999998
1828,Autoseed,-0.027000000000000024
1829,Homer,-0.134
1830,STREME,-0.08899999999999997
1831,DimontHTS,-0.08299999999999996
1832,ExplaiNN,-0.5549999999999999
1833,Dimont,-0.029000000000000026
1834,ChIPMunk,-0.129
1835,ProBound,-0.08799999999999997
1836,MEME,-0.07799999999999996
1837,Autoseed,-0.135
1838,Homer,-0.08999999999999997
1839,STREME,-0.138
1840,DimontHTS,-0.05900000000000005
1841,ExplaiNN,-0.122
1842,Dimont,-0.137
1843,ChIPMunk,-0.09899999999999998
1844,ProBound,-0.06099999999999994
1845,MEME,-0.14
1846,Autoseed,-0.09799999999999998
1847,Homer,-0.139
1848,STREME,-0.23099999999999998
1849,DimontHTS,-0.030000000000000027
1850,ExplaiNN,-0.11299999999999999
1851,Dimont,-0.09499999999999997
1852,ChIPMunk,-0.08399999999999996
1853,ProBound,-0.031000000000000028
1854,MEME,-0.239
1855,Autoseed,-0.10499999999999998
1856,Homer,-0.22599999999999998
1857,STREME,-0.254
1858,DimontHTS,-0.14900000000000002
1859,ExplaiNN,-0.028000000000000025
1860,Dimont,-0.08899999999999997
1861,ChIPMunk,-0.15100000000000002
1862,ProBound,-0.15000000000000002
1863,MEME,-0.269
1864,Autoseed,-0.15400000000000003
1865,Homer,-0.258
1866,STREME,-0.278
1867,DimontHTS,-0.10299999999999998
1868,ExplaiNN,-0.15600000000000003
1869,Dimont,-0.128
1870,ChIPMunk,-0.243
1871,ProBound,-0.09999999999999998
1872,MEME,-0.245
1873,Autoseed,-0.26
1874,Homer,-0.17900000000000005
1875,STREME,-0.124
1876,DimontHTS,-0.19499999999999995
1877,ExplaiNN,-0.134
1878,Dimont,-0.23299999999999998
1879,ChIPMunk,-0.263
1880,ProBound,-0.29300000000000004
1881,MEME,-0.121
1882,Autoseed,-0.262
1883,Homer,-0.135
1884,STREME,-0.06499999999999995
1885,DimontHTS,-0.14600000000000002
1886,ExplaiNN,-0.42700000000000005
1887,Dimont,-0.242
1888,ChIPMunk,-0.30200000000000005
1889,ProBound,-0.125
1890,MEME,-0.05400000000000005
1891,Autoseed,-0.30900000000000005
1892,Homer,-0.16200000000000003
1893,STREME,-0.356
1894,DimontHTS,-0.385
1895,ExplaiNN,-0.19399999999999995
1896,Dimont,-0.15800000000000003
1897,ChIPMunk,-0.10099999999999998
1898,ProBound,-0.29400000000000004
1899,MEME,-0.371
1900,Autoseed,-0.118
1901,Homer,-0.354
1902,STREME,-0.14
1903,DimontHTS,-0.29600000000000004
1904,ExplaiNN,-0.33999999999999997
1905,Dimont,-0.10299999999999998
1906,ChIPMunk,-0.06299999999999994
1907,ProBound,-0.268
1908,MEME,-0.06000000000000005
1909,Autoseed,-0.051000000000000045
1910,Homer,-0.05800000000000005
1911,STREME,-0.16600000000000004
1912,DimontHTS,-0.19399999999999995
1913,ExplaiNN,-0.254
1914,Dimont,-0.07499999999999996
1915,ChIPMunk,-0.385
1916,ProBound,-0.17500000000000004
1917,MEME,-0.049000000000000044
1918,Autoseed,-0.272
1919,Homer,-0.049000000000000044
1920,STREME,-0.33599999999999997
1921,DimontHTS,-0.09499999999999997
1922,ExplaiNN,-0.32999999999999996
1923,Dimont,-0.29500000000000004
1924,ChIPMunk,-0.15600000000000003
1925,ProBound,-0.132
1926,MEME,-0.31399999999999995
1927,Autoseed,-0.21599999999999997
1928,Homer,-0.30500000000000005
1929,STREME,-0.03200000000000003
1930,DimontHTS,-0.03500000000000003
1931,ExplaiNN,-0.118
1932,Dimont,-0.20399999999999996
1933,ChIPMunk,-0.17700000000000005
1934,ProBound,-0.10799999999999998
1935,MEME,-0.028000000000000025
1936,Autoseed,-0.247
1937,Homer,-0.04600000000000004
1938,STREME,-0.04300000000000004
1939,DimontHTS,-0.41400000000000003
1940,ExplaiNN,-0.07199999999999995
1941,Dimont,-0.22199999999999998
1942,ChIPMunk,-0.44399999999999995
1943,ProBound,-0.08799999999999997
1944,MEME,-0.04200000000000004
1945,Autoseed,-0.32899999999999996
1946,Homer,-0.05400000000000005
1947,STREME,-0.123
1948,DimontHTS,-0.22199999999999998
1949,ExplaiNN,-0.30600000000000005
1950,Dimont,-0.31499999999999995
1951,ChIPMunk,-0.04200000000000004
1952,ProBound,-0.08399999999999996
1953,MEME,-0.11699999999999999
1954,Autoseed,-0.03700000000000003
1955,Homer,-0.119
1956,STREME,-0.05800000000000005
1957,DimontHTS,-0.22699999999999998
1958,ExplaiNN,-0.30800000000000005
1959,Dimont,-0.040000000000000036
1960,ChIPMunk,-0.050000000000000044
1961,ProBound,-0.384
1962,MEME,-0.049000000000000044
1963,Autoseed,-0.05400000000000005
1964,Homer,-0.049000000000000044
1965,STREME,-0.17900000000000005
1966,DimontHTS,-0.344
1967,ExplaiNN,-0.31199999999999994
1968,Dimont,-0.05600000000000005
1969,ChIPMunk,-0.11699999999999999
1970,ProBound,-0.04400000000000004
1971,MEME,-0.15900000000000003
1972,Autoseed,-0.119
1973,Homer,-0.18699999999999994
1974,STREME,-0.351
1975,DimontHTS,-0.05700000000000005
1976,ExplaiNN,-0.474
1977,Dimont,-0.11199999999999999
1978,ChIPMunk,-0.04200000000000004
1979,ProBound,-0.06399999999999995
1980,MEME,-0.348
1981,Autoseed,-0.04800000000000004
1982,Homer,-0.30100000000000005
1983,STREME,-0.041000000000000036
1984,DimontHTS,-0.07299999999999995
1985,ExplaiNN,-0.04700000000000004
1986,Dimont,-0.04700000000000004
1987,ChIPMunk,-0.17700000000000005
1988,ProBound,-0.17300000000000004
1989,MEME,-0.03700000000000003
1990,Autoseed,-0.20099999999999996
1991,Homer,-0.038000000000000034
1992,STREME,-0.02200000000000002
1993,DimontHTS,-0.19599999999999995
1994,ExplaiNN,-0.06299999999999994
1995,Dimont,-0.30300000000000005
1996,ChIPMunk,-0.348
1997,ProBound,-0.06299999999999994
1998,MEME,-0.02200000000000002
1999,Autoseed,-0.36
2000,Homer,-0.02400000000000002
2001,STREME,-0.07799999999999996
2002,DimontHTS,-0.06000000000000005
2003,ExplaiNN,-0.278
2004,Dimont,-0.377
2005,ChIPMunk,-0.038000000000000034
2006,ProBound,-0.09899999999999998
2007,MEME,-0.10999999999999999
2008,Autoseed,-0.038000000000000034
2009,Homer,-0.14500000000000002
2010,STREME,-0.05700000000000005
2011,DimontHTS,-0.121
2012,ExplaiNN,-0.17100000000000004
2013,Dimont,-0.03600000000000003
2014,ChIPMunk,-0.02200000000000002
2015,ProBound,-0.374
2016,MEME,-0.04500000000000004
2017,Autoseed,-0.025000000000000022
2018,Homer,-0.08199999999999996
2019,STREME,-0.583
2020,DimontHTS,-0.406
2021,ExplaiNN,-0.132
2022,Dimont,-0.02100000000000002
2023,ChIPMunk,-0.09899999999999998
2024,ProBound,-0.038000000000000034
2025,MEME,-0.54
2026,Autoseed,-0.08099999999999996
2027,Homer,-0.502
2028,STREME,-0.473
2029,DimontHTS,-0.03700000000000003
2030,ExplaiNN,-0.357
2031,Dimont,-0.07999999999999996
2032,ChIPMunk,-0.049000000000000044
2033,ProBound,-0.02200000000000002
2034,MEME,-0.44899999999999995
2035,Autoseed,-0.03700000000000003
2036,Homer,-0.382
2037,STREME,-0.248
2038,DimontHTS,-0.02300000000000002
2039,ExplaiNN,-0.039000000000000035
2040,Dimont,-0.09199999999999997
2041,ChIPMunk,-0.613
2042,ProBound,-0.10199999999999998
2043,MEME,-0.28600000000000003
2044,Autoseed,-0.558
2045,Homer,-0.249
2046,STREME,-0.35
2047,DimontHTS,-0.135
2048,ExplaiNN,-0.025000000000000022
2049,Dimont,-0.611
2050,ChIPMunk,-0.44099999999999995
2051,ProBound,-0.04600000000000004
2052,MEME,-0.30000000000000004
2053,Autoseed,-0.41600000000000004
2054,Homer,-0.30400000000000005
2055,DimontHTS,-0.07799999999999996
2056,ExplaiNN,-0.14800000000000002
2057,Dimont,-0.42700000000000005
2058,ChIPMunk,-0.29600000000000004
2059,ProBound,-0.5740000000000001
2060,Autoseed,-0.245
2061,DimontHTS,-0.613
2062,ExplaiNN,-0.07999999999999996
2063,Dimont,-0.249
2064,ChIPMunk,-0.29400000000000004
2065,ProBound,-0.44099999999999995
2066,Autoseed,-0.33499999999999996
2067,DimontHTS,-0.43699999999999994
2068,ExplaiNN,-0.5549999999999999
2069,Dimont,-0.397
2070,ProBound,-0.246
2071,DimontHTS,-0.31399999999999995
2072,ExplaiNN,-0.396
2073,ProBound,-0.29800000000000004
2074,DimontHTS,-0.347
2075,ExplaiNN,-0.246
2076,ExplaiNN,-0.384
